-- phpMyAdmin SQL Dump
-- version 4.7.4
-- https://www.phpmyadmin.net/
--
-- Host: localhost
-- Generation Time: Nov 24, 2017 at 07:06 PM
-- Server version: 10.1.28-MariaDB
-- PHP Version: 7.1.11

SET SQL_MODE = "NO_AUTO_VALUE_ON_ZERO";
SET AUTOCOMMIT = 0;
START TRANSACTION;
SET time_zone = "+00:00";


/*!40101 SET @OLD_CHARACTER_SET_CLIENT=@@CHARACTER_SET_CLIENT */;
/*!40101 SET @OLD_CHARACTER_SET_RESULTS=@@CHARACTER_SET_RESULTS */;
/*!40101 SET @OLD_COLLATION_CONNECTION=@@COLLATION_CONNECTION */;
/*!40101 SET NAMES utf8mb4 */;

--
-- Database: `sim-tukin`
--

-- --------------------------------------------------------

--
-- Table structure for table `absen`
--

CREATE TABLE `absen` (
  `idAbsen` int(10) NOT NULL,
  `NIP` varchar(20) NOT NULL,
  `tanggal` date NOT NULL,
  `jamMasuk` time DEFAULT NULL,
  `jamKeluar` time DEFAULT NULL
) ENGINE=InnoDB DEFAULT CHARSET=latin1;

--
-- Dumping data for table `absen`
--

INSERT INTO `absen` (`idAbsen`, `NIP`, `tanggal`, `jamMasuk`, `jamKeluar`) VALUES
(1, '198203012009041003', '2017-06-22', NULL, NULL),
(2, '198203012009041003', '2017-06-21', '08:39:05', '15:36:58'),
(3, '198203012009041003', '2017-06-20', '08:26:05', '16:41:33'),
(4, '198203012009041003', '2017-06-19', '09:56:32', '17:27:17'),
(7, '198203012009041003', '2017-06-16', '09:42:26', '16:02:45'),
(8, '198203012009041003', '2017-06-15', '08:28:37', '16:32:27'),
(9, '198203012009041003', '2017-06-14', '09:59:41', '15:25:22'),
(10, '198203012009041003', '2017-06-13', '08:18:34', '16:33:52'),
(11, '198203012009041003', '2017-06-12', '07:53:42', '17:00:12'),
(14, '198203012009041003', '2017-06-09', '09:46:52', '17:22:31'),
(15, '198203012009041003', '2017-06-08', '07:13:09', '17:49:12'),
(16, '198203012009041003', '2017-06-07', '07:56:31', '15:57:18'),
(17, '198203012009041003', '2017-06-06', '08:42:24', '16:24:24'),
(18, '198203012009041003', '2017-06-05', '07:18:32', '15:43:37'),
(21, '198203012009041003', '2017-06-02', '09:13:43', '16:52:38'),
(23, '198203012009041003', '2017-05-31', '08:18:36', '15:05:44'),
(24, '198203012009041003', '2017-05-30', '07:15:23', '15:06:30'),
(25, '198203012009041003', '2017-05-29', '08:30:21', '16:20:02'),
(26, '198203012009041003', '2017-05-28', '08:38:57', '16:07:13'),
(27, '198203012009041003', '2017-05-27', '07:35:06', '16:01:48'),
(28, '198203012009041003', '2017-05-26', '07:51:25', '16:05:36'),
(30, '198203012009041003', '2017-05-24', '07:56:12', '16:39:12'),
(31, '198203012009041003', '2017-05-23', '09:00:46', '15:49:22'),
(32, '198203012009041003', '2017-05-22', '08:25:13', '17:59:02'),
(33, '198203012009041003', '2017-05-21', '07:24:30', '16:15:15'),
(34, '198203012009041003', '2017-05-20', '08:19:50', '15:44:39'),
(35, '198203012009041003', '2017-05-19', '08:49:52', '17:44:44'),
(36, '198203012009041003', '2017-05-18', '09:11:59', '16:03:04'),
(37, '198203012009041003', '2017-05-17', '08:31:32', '17:12:35'),
(38, '198203012009041003', '2017-05-16', '09:02:05', '16:37:49'),
(39, '198203012009041003', '2017-05-15', '09:17:39', '16:01:06'),
(40, '198203012009041003', '2017-05-14', '09:25:01', '15:34:55'),
(41, '198203012009041003', '2017-05-13', '07:24:53', '16:08:04'),
(42, '198203012009041003', '2017-05-12', '07:20:12', '15:34:56'),
(44, '198203012009041003', '2017-05-10', '08:21:32', '17:45:52'),
(45, '198203012009041003', '2017-05-09', '07:19:46', '16:19:57'),
(46, '198203012009041003', '2017-05-08', '07:29:25', '16:48:16'),
(47, '198203012009041003', '2017-05-07', '07:10:16', '17:42:56'),
(49, '198203012009041003', '2017-05-05', '08:30:28', '15:59:29'),
(50, '198203012009041003', '2017-05-04', '09:42:01', '17:37:03'),
(51, '198203012009041003', '2017-05-03', '08:05:35', '16:35:53'),
(52, '198203012009041003', '2017-05-02', '08:22:02', '16:10:01'),
(58, '198203012009041003', '2017-04-26', '09:25:19', '17:53:02'),
(59, '198203012009041003', '2017-04-25', '09:06:31', '17:42:06'),
(65, '198203012009041003', '2017-04-19', '07:57:19', '15:35:05'),
(66, '198203012009041003', '2017-04-18', '09:28:05', '17:22:50'),
(67, '198203012009041003', '2017-04-17', '07:43:10', '16:18:24'),
(72, '198203012009041003', '2017-04-12', '09:51:55', '16:06:54'),
(73, '198203012009041003', '2017-04-11', '09:20:35', '16:21:16'),
(74, '198203012009041003', '2017-04-10', '08:52:19', '15:04:30'),
(78, '198203012009041003', '2017-04-06', '09:42:29', '16:45:31'),
(79, '198203012009041003', '2017-04-05', '08:37:52', '17:04:10'),
(80, '198203012009041003', '2017-04-04', '07:04:34', '16:17:30'),
(81, '198203012009041003', '2017-04-03', '07:47:03', '16:04:04'),
(84, '198203012009041003', '2017-03-31', '09:52:45', '16:02:03'),
(85, '198203012009041003', '2017-03-30', '09:41:14', '15:25:40'),
(86, '198203012009041003', '2017-03-29', '09:52:10', '15:02:11'),
(88, '198203012009041003', '2017-03-27', '09:08:11', '16:11:27'),
(91, '198203012009041003', '2017-03-24', '07:07:26', '16:53:53'),
(92, '198203012009041003', '2017-03-23', '09:06:06', '15:02:55'),
(93, '198203012009041003', '2017-03-22', '07:02:47', '16:21:36'),
(94, '198203012009041003', '2017-03-21', '08:22:19', '17:32:42'),
(95, '198203012009041003', '2017-03-20', '08:55:59', '17:34:51'),
(98, '198203012009041003', '2017-03-17', '09:08:49', '15:30:32'),
(99, '198203012009041003', '2017-03-16', '08:06:57', '17:21:35'),
(100, '198203012009041003', '2017-03-15', '07:11:25', '17:46:08'),
(101, '198203012009041003', '2017-03-14', '09:29:33', '15:15:07'),
(102, '198203012009041003', '2017-03-13', '07:14:57', '16:16:04'),
(105, '198203012009041003', '2017-03-10', '07:45:46', '15:03:59'),
(106, '198203012009041003', '2017-03-09', '08:54:56', '16:05:34'),
(107, '198203012009041003', '2017-03-08', '08:41:12', '15:17:21'),
(108, '198203012009041003', '2017-03-07', '09:06:42', '17:13:41'),
(109, '198203012009041003', '2017-03-06', '07:02:33', '16:07:14'),
(112, '198203012009041003', '2017-03-03', '08:23:50', '16:12:21'),
(113, '198203012009041003', '2017-03-02', '08:35:07', '16:39:08'),
(114, '198203012009041003', '2017-03-01', '09:01:30', '15:53:26'),
(115, '198203012009041003', '2017-02-28', '09:52:10', '17:41:13'),
(116, '198203012009041003', '2017-02-27', '08:52:58', '16:23:35'),
(119, '198203012009041003', '2017-02-24', '08:48:02', '17:49:34'),
(120, '198203012009041003', '2017-02-23', '07:49:20', '17:59:40'),
(121, '198203012009041003', '2017-02-22', '07:31:41', '17:13:54'),
(122, '198203012009041003', '2017-02-21', '09:29:33', '17:54:09'),
(123, '198203012009041003', '2017-02-20', '09:38:51', '17:34:11'),
(126, '198203012009041003', '2017-02-17', '09:51:38', '15:44:12'),
(127, '198203012009041003', '2017-02-16', '08:37:50', '17:11:20'),
(128, '198203012009041003', '2017-02-15', '09:06:47', '17:29:20'),
(129, '198203012009041003', '2017-02-14', '08:33:28', '15:46:14'),
(130, '198203012009041003', '2017-02-13', '08:17:04', '16:08:43'),
(133, '198203012009041003', '2017-02-10', '09:14:49', '16:31:08'),
(134, '198203012009041003', '2017-02-09', '09:04:08', '15:20:57'),
(135, '198203012009041003', '2017-02-08', '07:02:20', '15:00:11'),
(136, '198203012009041003', '2017-02-07', '09:14:13', '15:41:20'),
(137, '198203012009041003', '2017-02-06', '07:40:28', '15:16:11'),
(140, '198203012009041003', '2017-02-03', '07:14:32', '15:11:21'),
(141, '198203012009041003', '2017-02-02', '09:09:41', '15:16:38'),
(142, '198203012009041003', '2017-02-01', '07:39:06', '16:09:31'),
(143, '198203012009041003', '2017-01-31', '07:02:34', '17:18:08'),
(144, '198203012009041003', '2017-01-30', '07:12:37', '15:37:41'),
(147, '198203012009041003', '2017-01-27', '07:30:12', '16:00:39'),
(148, '198203012009041003', '2017-01-26', '09:22:40', '15:14:37'),
(149, '198203012009041003', '2017-01-25', '08:09:46', '16:58:43'),
(150, '198203012009041003', '2017-01-24', '09:33:32', '17:11:57'),
(151, '198203012009041003', '2017-01-23', '09:38:31', '17:04:11'),
(154, '198203012009041003', '2017-01-20', '09:46:25', '16:09:28'),
(155, '198203012009041003', '2017-01-19', '07:39:46', '17:45:59'),
(156, '198203012009041003', '2017-01-18', '08:22:46', '17:00:14'),
(157, '198203012009041003', '2017-01-17', '08:16:04', '15:39:23'),
(158, '198203012009041003', '2017-01-16', '07:49:26', '15:26:13'),
(161, '198203012009041003', '2017-01-13', '09:36:47', '15:36:34'),
(162, '198203012009041003', '2017-01-12', '08:57:49', '17:16:25'),
(163, '198203012009041003', '2017-01-11', '07:23:02', '16:58:25'),
(164, '198203012009041003', '2017-01-10', '08:11:51', '15:28:12'),
(165, '198203012009041003', '2017-01-09', '07:28:35', '15:18:39'),
(168, '198203012009041003', '2017-01-06', '08:10:37', '17:44:48'),
(169, '198203012009041003', '2017-01-05', '08:06:40', '16:59:53'),
(170, '198203012009041003', '2017-01-04', '08:28:40', '17:36:11'),
(171, '198203012009041003', '2017-01-03', '07:43:02', '17:39:57'),
(172, '198203012009041003', '2017-01-02', '09:52:53', '15:40:30'),
(174, '199102252015022005', '2017-06-22', NULL, NULL),
(175, '199102252015022005', '2017-06-21', NULL, NULL),
(176, '199102252015022005', '2017-06-20', NULL, NULL),
(177, '199102252015022005', '2017-06-19', NULL, NULL),
(180, '199102252015022005', '2017-06-16', '08:15:51', '17:33:20'),
(181, '199102252015022005', '2017-06-15', '09:37:37', '17:55:17'),
(182, '199102252015022005', '2017-06-14', '07:55:41', '15:38:36'),
(183, '199102252015022005', '2017-06-13', '09:43:32', '17:02:12'),
(184, '199102252015022005', '2017-06-12', '08:58:02', '17:40:50'),
(187, '199102252015022005', '2017-06-09', '07:58:58', '15:15:08'),
(188, '199102252015022005', '2017-06-08', '07:49:24', '16:39:51'),
(189, '199102252015022005', '2017-06-07', '08:39:49', '16:10:41'),
(190, '199102252015022005', '2017-06-06', '07:42:13', '15:55:42'),
(191, '199102252015022005', '2017-06-05', '07:17:47', '16:01:31'),
(194, '199102252015022005', '2017-06-02', '08:15:57', '16:03:28'),
(196, '199102252015022005', '2017-05-31', '09:59:39', '16:14:27'),
(197, '199102252015022005', '2017-05-30', '08:32:00', '17:08:27'),
(198, '199102252015022005', '2017-05-29', '08:34:58', '17:11:23'),
(199, '199102252015022005', '2017-05-28', '08:11:31', '15:13:41'),
(200, '199102252015022005', '2017-05-27', '07:47:03', '16:19:33'),
(201, '199102252015022005', '2017-05-26', '09:25:42', '16:00:20'),
(203, '199102252015022005', '2017-05-24', '09:15:56', '17:09:57'),
(204, '199102252015022005', '2017-05-23', '08:44:38', '15:16:09'),
(205, '199102252015022005', '2017-05-22', '08:15:09', '16:49:33'),
(206, '199102252015022005', '2017-05-21', '07:32:57', '16:24:41'),
(207, '199102252015022005', '2017-05-20', '07:25:43', '17:39:41'),
(208, '199102252015022005', '2017-05-19', '09:05:39', '16:21:33'),
(209, '199102252015022005', '2017-05-18', '07:18:35', '16:48:21'),
(210, '199102252015022005', '2017-05-17', '09:41:23', '15:00:32'),
(211, '199102252015022005', '2017-05-16', '08:55:08', '17:56:07'),
(212, '199102252015022005', '2017-05-15', '09:05:20', '17:47:57'),
(213, '199102252015022005', '2017-05-14', '08:49:16', '17:13:00'),
(214, '199102252015022005', '2017-05-13', '08:36:08', '15:36:33'),
(215, '199102252015022005', '2017-05-12', '09:00:24', '16:17:31'),
(217, '199102252015022005', '2017-05-10', '09:02:26', '17:19:43'),
(218, '199102252015022005', '2017-05-09', '09:32:26', '15:26:58'),
(219, '199102252015022005', '2017-05-08', '08:56:47', '15:56:08'),
(220, '199102252015022005', '2017-05-07', '08:02:45', '15:46:50'),
(222, '199102252015022005', '2017-05-05', '08:45:33', '16:46:02'),
(223, '199102252015022005', '2017-05-04', '07:56:32', '16:09:13'),
(224, '199102252015022005', '2017-05-03', '08:28:59', '15:49:49'),
(225, '199102252015022005', '2017-05-02', '08:37:15', '17:32:26'),
(231, '199102252015022005', '2017-04-26', '07:13:09', '16:14:44'),
(232, '199102252015022005', '2017-04-25', '07:33:43', '15:15:06'),
(238, '199102252015022005', '2017-04-19', '08:20:01', '16:59:45'),
(239, '199102252015022005', '2017-04-18', '09:50:13', '16:32:07'),
(240, '199102252015022005', '2017-04-17', '09:14:11', '16:09:28'),
(245, '199102252015022005', '2017-04-12', '09:30:25', '15:00:13'),
(246, '199102252015022005', '2017-04-11', '09:46:05', '15:04:01'),
(247, '199102252015022005', '2017-04-10', '08:47:46', '17:03:20'),
(251, '199102252015022005', '2017-04-06', '09:24:05', '16:08:38'),
(252, '199102252015022005', '2017-04-05', '07:44:36', '15:23:19'),
(253, '199102252015022005', '2017-04-04', '07:17:22', '16:00:23'),
(254, '199102252015022005', '2017-04-03', '08:18:22', '17:06:51'),
(257, '199102252015022005', '2017-03-31', '07:22:13', '17:38:43'),
(258, '199102252015022005', '2017-03-30', '09:13:58', '16:06:00'),
(259, '199102252015022005', '2017-03-29', '08:08:05', '15:14:52'),
(261, '199102252015022005', '2017-03-27', '08:55:18', '16:43:53'),
(264, '199102252015022005', '2017-03-24', '09:49:53', '15:41:09'),
(265, '199102252015022005', '2017-03-23', '09:10:53', '17:28:09'),
(266, '199102252015022005', '2017-03-22', '08:38:20', '17:21:00'),
(267, '199102252015022005', '2017-03-21', '07:12:33', '17:33:57'),
(268, '199102252015022005', '2017-03-20', '09:09:21', '15:31:08'),
(271, '199102252015022005', '2017-03-17', '07:44:13', '17:55:03'),
(272, '199102252015022005', '2017-03-16', '07:52:14', '17:28:53'),
(273, '199102252015022005', '2017-03-15', '07:48:31', '16:00:55'),
(274, '199102252015022005', '2017-03-14', '08:09:54', '17:33:35'),
(275, '199102252015022005', '2017-03-13', '07:37:29', '16:05:52'),
(278, '199102252015022005', '2017-03-10', '07:26:32', '15:01:58'),
(279, '199102252015022005', '2017-03-09', '08:04:38', '16:18:39'),
(280, '199102252015022005', '2017-03-08', '09:31:17', '17:42:44'),
(281, '199102252015022005', '2017-03-07', '08:17:07', '16:16:02'),
(282, '199102252015022005', '2017-03-06', '07:45:42', '17:44:45'),
(285, '199102252015022005', '2017-03-03', '08:51:54', '17:10:29'),
(286, '199102252015022005', '2017-03-02', '09:21:41', '15:56:11'),
(287, '199102252015022005', '2017-03-01', '08:45:31', '15:55:05'),
(288, '199102252015022005', '2017-02-28', '07:45:04', '15:25:40'),
(289, '199102252015022005', '2017-02-27', '07:37:41', '15:15:30'),
(292, '199102252015022005', '2017-02-24', '08:13:51', '17:43:03'),
(293, '199102252015022005', '2017-02-23', '07:51:42', '15:45:22'),
(294, '199102252015022005', '2017-02-22', '09:20:04', '17:49:00'),
(295, '199102252015022005', '2017-02-21', '08:47:53', '17:45:22'),
(296, '199102252015022005', '2017-02-20', '09:35:33', '17:37:42'),
(299, '199102252015022005', '2017-02-17', '07:55:07', '16:00:42'),
(300, '199102252015022005', '2017-02-16', '09:06:27', '16:23:52'),
(301, '199102252015022005', '2017-02-15', '08:42:28', '15:04:35'),
(302, '199102252015022005', '2017-02-14', '08:26:40', '17:40:25'),
(303, '199102252015022005', '2017-02-13', '09:09:42', '17:48:30'),
(306, '199102252015022005', '2017-02-10', '09:08:25', '16:05:51'),
(307, '199102252015022005', '2017-02-09', '08:42:55', '16:24:00'),
(308, '199102252015022005', '2017-02-08', '07:35:46', '16:31:47'),
(309, '199102252015022005', '2017-02-07', '08:23:13', '16:05:10'),
(310, '199102252015022005', '2017-02-06', '07:37:29', '15:29:25'),
(313, '199102252015022005', '2017-02-03', '07:40:12', '15:30:57'),
(314, '199102252015022005', '2017-02-02', '07:07:06', '16:08:24'),
(315, '199102252015022005', '2017-02-01', '07:50:12', '17:02:08'),
(316, '199102252015022005', '2017-01-31', '07:39:49', '16:08:48'),
(317, '199102252015022005', '2017-01-30', '08:55:55', '16:50:04'),
(320, '199102252015022005', '2017-01-27', '09:39:21', '17:59:20'),
(321, '199102252015022005', '2017-01-26', '08:22:38', '15:21:47'),
(322, '199102252015022005', '2017-01-25', '07:11:59', '17:09:32'),
(323, '199102252015022005', '2017-01-24', '09:19:57', '15:53:08'),
(324, '199102252015022005', '2017-01-23', '07:18:34', '15:12:54'),
(327, '199102252015022005', '2017-01-20', '09:19:00', '17:15:56'),
(328, '199102252015022005', '2017-01-19', '07:51:43', '17:03:45'),
(329, '199102252015022005', '2017-01-18', '07:55:03', '17:55:58'),
(330, '199102252015022005', '2017-01-17', '08:22:06', '17:09:17'),
(331, '199102252015022005', '2017-01-16', '07:08:10', '16:57:57'),
(334, '199102252015022005', '2017-01-13', '07:44:14', '15:45:00'),
(335, '199102252015022005', '2017-01-12', '07:03:42', '15:11:26'),
(336, '199102252015022005', '2017-01-11', '08:39:49', '15:34:14'),
(337, '199102252015022005', '2017-01-10', '07:19:26', '15:13:29'),
(338, '199102252015022005', '2017-01-09', '08:37:26', '16:06:37'),
(341, '199102252015022005', '2017-01-06', '07:34:52', '16:23:53'),
(342, '199102252015022005', '2017-01-05', '09:17:55', '15:27:23'),
(343, '199102252015022005', '2017-01-04', '07:08:52', '16:19:47'),
(344, '199102252015022005', '2017-01-03', '09:03:37', '15:34:50'),
(345, '199102252015022005', '2017-01-02', '07:33:47', '15:13:21');

-- --------------------------------------------------------

--
-- Table structure for table `grade`
--

CREATE TABLE `grade` (
  `grade` int(11) NOT NULL,
  `tunjangan` float NOT NULL
) ENGINE=InnoDB DEFAULT CHARSET=latin1;

--
-- Dumping data for table `grade`
--

INSERT INTO `grade` (`grade`, `tunjangan`) VALUES
(1, 1766000),
(2, 1867000),
(3, 1972000),
(4, 2082000),
(5, 2199000),
(6, 2399000),
(7, 2616000),
(8, 2927000),
(9, 3348000),
(10, 3952000),
(11, 4519000),
(12, 6045000),
(13, 7293000),
(14, 9600000),
(15, 12518000),
(16, 17413000),
(17, 22842000);

-- --------------------------------------------------------

--
-- Table structure for table `migrations`
--

CREATE TABLE `migrations` (
  `id` int(10) UNSIGNED NOT NULL,
  `migration` varchar(255) COLLATE utf8_unicode_ci NOT NULL,
  `batch` int(11) NOT NULL
) ENGINE=InnoDB DEFAULT CHARSET=utf8 COLLATE=utf8_unicode_ci;

--
-- Dumping data for table `migrations`
--

INSERT INTO `migrations` (`id`, `migration`, `batch`) VALUES
(54, '2017_11_18_060016_laratrust_setup_tables', 1),
(55, '2017_11_24_163010_create_users_table', 1),
(56, '2017_11_24_163043_create_skps_table', 1),
(57, '2017_11_24_164608_create_pegawais_table', 1),
(58, '2017_11_24_164635_create_tunjangan_skps_table', 1);

-- --------------------------------------------------------

--
-- Table structure for table `pegawais`
--

CREATE TABLE `pegawais` (
  `id` int(10) UNSIGNED NOT NULL,
  `nama` varchar(255) COLLATE utf8_unicode_ci NOT NULL,
  `nik` varchar(255) COLLATE utf8_unicode_ci NOT NULL,
  `divisi` varchar(255) COLLATE utf8_unicode_ci NOT NULL,
  `user_id` int(10) UNSIGNED NOT NULL,
  `skp_id` int(10) UNSIGNED NOT NULL,
  `created_at` timestamp NULL DEFAULT NULL,
  `updated_at` timestamp NULL DEFAULT NULL
) ENGINE=InnoDB DEFAULT CHARSET=utf8 COLLATE=utf8_unicode_ci;

--
-- Dumping data for table `pegawais`
--

INSERT INTO `pegawais` (`id`, `nama`, `nik`, `divisi`, `user_id`, `skp_id`, `created_at`, `updated_at`) VALUES
(1, 'Miqdad Abdurrahman Fawwaz', '198503302003121001', 'IT', 1, 1, '2017-11-24 10:37:04', '2017-11-24 10:37:04'),
(2, 'Nur Hadi Saputra', '198503302003121002', 'Executive Manager', 2, 2, '2017-11-24 10:37:04', '2017-11-24 10:37:04'),
(3, 'Emiel Noor Kautsar', '198503302003121003', 'HRD', 3, 3, '2017-11-24 10:37:04', '2017-11-24 10:37:04'),
(4, 'Ardhea Citra Pertiwi', '198503302003121004', 'Kemasyarakatan', 4, 4, '2017-11-24 10:37:04', '2017-11-24 10:37:04'),
(5, 'Mutiara Cikan Andani', '198503302003121005', 'Keuangan', 5, 5, '2017-11-24 10:37:04', '2017-11-24 10:37:04');

-- --------------------------------------------------------

--
-- Table structure for table `permissions`
--

CREATE TABLE `permissions` (
  `id` int(10) UNSIGNED NOT NULL,
  `name` varchar(255) COLLATE utf8_unicode_ci NOT NULL,
  `display_name` varchar(255) COLLATE utf8_unicode_ci DEFAULT NULL,
  `description` varchar(255) COLLATE utf8_unicode_ci DEFAULT NULL,
  `created_at` timestamp NULL DEFAULT NULL,
  `updated_at` timestamp NULL DEFAULT NULL
) ENGINE=InnoDB DEFAULT CHARSET=utf8 COLLATE=utf8_unicode_ci;

-- --------------------------------------------------------

--
-- Table structure for table `permission_role`
--

CREATE TABLE `permission_role` (
  `permission_id` int(10) UNSIGNED NOT NULL,
  `role_id` int(10) UNSIGNED NOT NULL
) ENGINE=InnoDB DEFAULT CHARSET=utf8 COLLATE=utf8_unicode_ci;

-- --------------------------------------------------------

--
-- Table structure for table `permission_user`
--

CREATE TABLE `permission_user` (
  `permission_id` int(10) UNSIGNED NOT NULL,
  `user_id` int(10) UNSIGNED NOT NULL,
  `user_type` varchar(255) COLLATE utf8_unicode_ci NOT NULL
) ENGINE=InnoDB DEFAULT CHARSET=utf8 COLLATE=utf8_unicode_ci;

-- --------------------------------------------------------

--
-- Table structure for table `roles`
--

CREATE TABLE `roles` (
  `id` int(10) UNSIGNED NOT NULL,
  `name` varchar(255) COLLATE utf8_unicode_ci NOT NULL,
  `display_name` varchar(255) COLLATE utf8_unicode_ci DEFAULT NULL,
  `description` varchar(255) COLLATE utf8_unicode_ci DEFAULT NULL,
  `created_at` timestamp NULL DEFAULT NULL,
  `updated_at` timestamp NULL DEFAULT NULL
) ENGINE=InnoDB DEFAULT CHARSET=utf8 COLLATE=utf8_unicode_ci;

--
-- Dumping data for table `roles`
--

INSERT INTO `roles` (`id`, `name`, `display_name`, `description`, `created_at`, `updated_at`) VALUES
(1, 'pegawai', 'Pegawai Dinas', NULL, '2017-11-24 10:37:03', '2017-11-24 10:37:03'),
(2, 'pimpinan', 'Pimpinan Dinas', NULL, '2017-11-24 10:37:03', '2017-11-24 10:37:03'),
(3, 'hrd', 'Divisi HRD', NULL, '2017-11-24 10:37:03', '2017-11-24 10:37:03'),
(4, 'supervisi', 'Supervisi Divisi', NULL, '2017-11-24 10:37:03', '2017-11-24 10:37:03'),
(5, 'keuangan', 'Divisi Keuangan', NULL, '2017-11-24 10:37:03', '2017-11-24 10:37:03');

-- --------------------------------------------------------

--
-- Table structure for table `role_user`
--

CREATE TABLE `role_user` (
  `role_id` int(10) UNSIGNED NOT NULL,
  `user_id` int(10) UNSIGNED NOT NULL,
  `user_type` varchar(255) COLLATE utf8_unicode_ci NOT NULL
) ENGINE=InnoDB DEFAULT CHARSET=utf8 COLLATE=utf8_unicode_ci;

--
-- Dumping data for table `role_user`
--

INSERT INTO `role_user` (`role_id`, `user_id`, `user_type`) VALUES
(1, 1, 'App\\User'),
(2, 2, 'App\\User'),
(3, 3, 'App\\User'),
(4, 4, 'App\\User'),
(5, 5, 'App\\User');

-- --------------------------------------------------------

--
-- Table structure for table `skps`
--

CREATE TABLE `skps` (
  `id` int(10) UNSIGNED NOT NULL,
  `nilai_skp` int(10) UNSIGNED NOT NULL,
  `created_at` timestamp NULL DEFAULT NULL,
  `updated_at` timestamp NULL DEFAULT NULL
) ENGINE=InnoDB DEFAULT CHARSET=utf8 COLLATE=utf8_unicode_ci;

--
-- Dumping data for table `skps`
--

INSERT INTO `skps` (`id`, `nilai_skp`, `created_at`, `updated_at`) VALUES
(1, 90, '2017-11-24 10:37:04', '2017-11-24 10:37:04'),
(2, 63, '2017-11-24 10:37:04', '2017-11-24 10:37:04'),
(3, 72, '2017-11-24 10:37:04', '2017-11-24 10:56:46'),
(4, 90, '2017-11-24 10:37:04', '2017-11-24 10:49:12'),
(5, 98, '2017-11-24 10:37:04', '2017-11-24 10:37:04');

-- --------------------------------------------------------

--
-- Table structure for table `status_absen`
--

CREATE TABLE `status_absen` (
  `idAbsensiPegawai` int(10) NOT NULL,
  `NIP` varchar(20) NOT NULL,
  `tanggal` date NOT NULL,
  `statusKehadiran` enum('Hadir','Tidak Hadir') NOT NULL,
  `keterangan` enum('-','Izin','Tanpa Keterangan') NOT NULL,
  `idAbsen` int(11) NOT NULL
) ENGINE=InnoDB DEFAULT CHARSET=latin1;

--
-- Dumping data for table `status_absen`
--

INSERT INTO `status_absen` (`idAbsensiPegawai`, `NIP`, `tanggal`, `statusKehadiran`, `keterangan`, `idAbsen`) VALUES
(1, '198203012009041003', '2017-06-22', 'Tidak Hadir', 'Tanpa Keterangan', 1),
(2, '198203012009041003', '2017-06-21', 'Hadir', '', 2),
(3, '198203012009041003', '2017-06-20', 'Hadir', '', 3),
(4, '198203012009041003', '2017-06-19', 'Hadir', '', 4),
(5, '198203012009041003', '2017-06-16', 'Hadir', '', 7),
(6, '198203012009041003', '2017-06-15', 'Hadir', '', 8),
(7, '198203012009041003', '2017-06-14', 'Hadir', '', 9),
(8, '198203012009041003', '2017-06-13', 'Hadir', '', 10),
(9, '198203012009041003', '2017-06-12', 'Hadir', '', 11),
(10, '198203012009041003', '2017-06-09', 'Hadir', '', 14),
(11, '198203012009041003', '2017-06-08', 'Hadir', '', 15),
(12, '198203012009041003', '2017-06-07', 'Hadir', '', 16),
(13, '198203012009041003', '2017-06-06', 'Hadir', '', 17),
(14, '198203012009041003', '2017-06-05', 'Hadir', '', 18),
(15, '198203012009041003', '2017-06-02', 'Hadir', '', 21),
(16, '198203012009041003', '2017-05-31', 'Hadir', '', 23),
(17, '198203012009041003', '2017-05-30', 'Hadir', '', 24),
(18, '198203012009041003', '2017-05-29', 'Hadir', '', 25),
(19, '198203012009041003', '2017-05-28', 'Hadir', '', 26),
(20, '198203012009041003', '2017-05-27', 'Hadir', '', 27),
(21, '198203012009041003', '2017-05-26', 'Hadir', '', 28),
(22, '198203012009041003', '2017-05-24', 'Hadir', '', 30),
(23, '198203012009041003', '2017-05-23', 'Hadir', '', 31),
(24, '198203012009041003', '2017-05-22', 'Hadir', '', 32),
(25, '198203012009041003', '2017-05-21', 'Hadir', '', 33),
(26, '198203012009041003', '2017-05-20', 'Hadir', '', 34),
(27, '198203012009041003', '2017-05-19', 'Hadir', '', 35),
(28, '198203012009041003', '2017-05-18', 'Hadir', '', 36),
(29, '198203012009041003', '2017-05-17', 'Hadir', '', 37),
(30, '198203012009041003', '2017-05-16', 'Hadir', '', 38),
(31, '198203012009041003', '2017-05-15', 'Hadir', '', 39),
(32, '198203012009041003', '2017-05-14', 'Hadir', '', 40),
(33, '198203012009041003', '2017-05-13', 'Hadir', '', 41),
(34, '198203012009041003', '2017-05-12', 'Hadir', '', 42),
(35, '198203012009041003', '2017-05-10', 'Hadir', '', 44),
(36, '198203012009041003', '2017-05-09', 'Hadir', '', 45),
(37, '198203012009041003', '2017-05-08', 'Hadir', '', 46),
(38, '198203012009041003', '2017-05-07', 'Hadir', '', 47),
(39, '198203012009041003', '2017-05-05', 'Hadir', '', 49),
(40, '198203012009041003', '2017-05-04', 'Hadir', '', 50),
(41, '198203012009041003', '2017-05-03', 'Hadir', '', 51),
(42, '198203012009041003', '2017-05-02', 'Hadir', '', 52),
(43, '198203012009041003', '2017-04-26', 'Hadir', '', 58),
(44, '198203012009041003', '2017-04-25', 'Hadir', '', 59),
(45, '198203012009041003', '2017-04-19', 'Hadir', '', 65),
(46, '198203012009041003', '2017-04-18', 'Hadir', '', 66),
(47, '198203012009041003', '2017-04-17', 'Hadir', '', 67),
(48, '198203012009041003', '2017-04-12', 'Hadir', '', 72),
(49, '198203012009041003', '2017-04-11', 'Hadir', '', 73),
(50, '198203012009041003', '2017-04-10', 'Hadir', '', 74),
(51, '198203012009041003', '2017-04-06', 'Hadir', '', 78),
(52, '198203012009041003', '2017-04-05', 'Hadir', '', 79),
(53, '198203012009041003', '2017-04-04', 'Hadir', '', 80),
(54, '198203012009041003', '2017-04-03', 'Hadir', '', 81),
(55, '198203012009041003', '2017-03-31', 'Hadir', '', 84),
(56, '198203012009041003', '2017-03-30', 'Hadir', '', 85),
(57, '198203012009041003', '2017-03-29', 'Hadir', '', 86),
(58, '198203012009041003', '2017-03-27', 'Hadir', '', 88),
(59, '198203012009041003', '2017-03-24', 'Hadir', '', 91),
(60, '198203012009041003', '2017-03-23', 'Hadir', '', 92),
(61, '198203012009041003', '2017-03-22', 'Hadir', '', 93),
(62, '198203012009041003', '2017-03-21', 'Hadir', '', 94),
(63, '198203012009041003', '2017-03-20', 'Hadir', '', 95),
(64, '198203012009041003', '2017-03-17', 'Hadir', '', 98),
(65, '198203012009041003', '2017-03-16', 'Hadir', '', 99),
(66, '198203012009041003', '2017-03-15', 'Hadir', '', 100),
(67, '198203012009041003', '2017-03-14', 'Hadir', '', 101),
(68, '198203012009041003', '2017-03-13', 'Hadir', '', 102),
(69, '198203012009041003', '2017-03-10', 'Hadir', '', 105),
(70, '198203012009041003', '2017-03-09', 'Hadir', '', 106),
(71, '198203012009041003', '2017-03-08', 'Hadir', '', 107),
(72, '198203012009041003', '2017-03-07', 'Hadir', '', 108),
(73, '198203012009041003', '2017-03-06', 'Hadir', '', 109),
(74, '198203012009041003', '2017-03-03', 'Hadir', '', 112),
(75, '198203012009041003', '2017-03-02', 'Hadir', '', 113),
(76, '198203012009041003', '2017-03-01', 'Hadir', '', 114),
(77, '198203012009041003', '2017-02-28', 'Hadir', '', 115),
(78, '198203012009041003', '2017-02-27', 'Hadir', '', 116),
(79, '198203012009041003', '2017-02-24', 'Hadir', '', 119),
(80, '198203012009041003', '2017-02-23', 'Hadir', '', 120),
(81, '198203012009041003', '2017-02-22', 'Hadir', '', 121),
(82, '198203012009041003', '2017-02-21', 'Hadir', '', 122),
(83, '198203012009041003', '2017-02-20', 'Hadir', '', 123),
(84, '198203012009041003', '2017-02-17', 'Hadir', '', 126),
(85, '198203012009041003', '2017-02-16', 'Hadir', '', 127),
(86, '198203012009041003', '2017-02-15', 'Hadir', '', 128),
(87, '198203012009041003', '2017-02-14', 'Hadir', '', 129),
(88, '198203012009041003', '2017-02-13', 'Hadir', '', 130),
(89, '198203012009041003', '2017-02-10', 'Hadir', '', 133),
(90, '198203012009041003', '2017-02-09', 'Hadir', '', 134),
(91, '198203012009041003', '2017-02-08', 'Hadir', '', 135),
(92, '198203012009041003', '2017-02-07', 'Hadir', '', 136),
(93, '198203012009041003', '2017-02-06', 'Hadir', '', 137),
(94, '198203012009041003', '2017-02-03', 'Hadir', '', 140),
(95, '198203012009041003', '2017-02-02', 'Hadir', '', 141),
(96, '198203012009041003', '2017-02-01', 'Hadir', '', 142),
(97, '198203012009041003', '2017-01-31', 'Hadir', '', 143),
(98, '198203012009041003', '2017-01-30', 'Hadir', '', 144),
(99, '198203012009041003', '2017-01-27', 'Hadir', '', 147),
(100, '198203012009041003', '2017-01-26', 'Hadir', '', 148),
(101, '198203012009041003', '2017-01-25', 'Hadir', '', 149),
(102, '198203012009041003', '2017-01-24', 'Hadir', '', 150),
(103, '198203012009041003', '2017-01-23', 'Hadir', '', 151),
(104, '198203012009041003', '2017-01-20', 'Hadir', '', 154),
(105, '198203012009041003', '2017-01-19', 'Hadir', '', 155),
(106, '198203012009041003', '2017-01-18', 'Hadir', '', 156),
(107, '198203012009041003', '2017-01-17', 'Hadir', '', 157),
(108, '198203012009041003', '2017-01-16', 'Hadir', '', 158),
(109, '198203012009041003', '2017-01-13', 'Hadir', '', 161),
(110, '198203012009041003', '2017-01-12', 'Hadir', '', 162),
(111, '198203012009041003', '2017-01-11', 'Hadir', '', 163),
(112, '198203012009041003', '2017-01-10', 'Hadir', '', 164),
(113, '198203012009041003', '2017-01-09', 'Hadir', '', 165),
(114, '198203012009041003', '2017-01-06', 'Hadir', '', 168),
(115, '198203012009041003', '2017-01-05', 'Hadir', '', 169),
(116, '198203012009041003', '2017-01-04', 'Hadir', '', 170),
(117, '198203012009041003', '2017-01-03', 'Hadir', '', 171),
(118, '198203012009041003', '2017-01-02', 'Hadir', '', 172),
(119, '199102252015022005', '2017-06-22', 'Tidak Hadir', 'Tanpa Keterangan', 1),
(120, '199102252015022005', '2017-06-21', 'Tidak Hadir', 'Tanpa Keterangan', 2),
(121, '199102252015022005', '2017-06-20', 'Tidak Hadir', 'Tanpa Keterangan', 3),
(122, '199102252015022005', '2017-06-19', 'Tidak Hadir', 'Tanpa Keterangan', 4),
(123, '199102252015022005', '2017-06-16', 'Hadir', '', 7),
(124, '199102252015022005', '2017-06-15', 'Hadir', '', 8),
(125, '199102252015022005', '2017-06-14', 'Hadir', '', 9),
(126, '199102252015022005', '2017-06-13', 'Hadir', '', 10),
(127, '199102252015022005', '2017-06-12', 'Hadir', '', 11),
(128, '199102252015022005', '2017-06-09', 'Hadir', '', 14),
(129, '199102252015022005', '2017-06-08', 'Hadir', '', 15),
(130, '199102252015022005', '2017-06-07', 'Hadir', '', 16),
(131, '199102252015022005', '2017-06-06', 'Hadir', '', 17),
(132, '199102252015022005', '2017-06-05', 'Hadir', '', 18),
(133, '199102252015022005', '2017-06-02', 'Hadir', '', 21),
(134, '199102252015022005', '2017-05-31', 'Hadir', '', 23),
(135, '199102252015022005', '2017-05-30', 'Hadir', '', 24),
(136, '199102252015022005', '2017-05-29', 'Hadir', '', 25),
(137, '199102252015022005', '2017-05-28', 'Hadir', '', 26),
(138, '199102252015022005', '2017-05-27', 'Hadir', '', 27),
(139, '199102252015022005', '2017-05-26', 'Hadir', '', 28),
(140, '199102252015022005', '2017-05-24', 'Hadir', '', 30),
(141, '199102252015022005', '2017-05-23', 'Hadir', '', 31),
(142, '199102252015022005', '2017-05-22', 'Hadir', '', 32),
(143, '199102252015022005', '2017-05-21', 'Hadir', '', 33),
(144, '199102252015022005', '2017-05-20', 'Hadir', '', 34),
(145, '199102252015022005', '2017-05-19', 'Hadir', '', 35),
(146, '199102252015022005', '2017-05-18', 'Hadir', '', 36),
(147, '199102252015022005', '2017-05-17', 'Hadir', '', 37),
(148, '199102252015022005', '2017-05-16', 'Hadir', '', 38),
(149, '199102252015022005', '2017-05-15', 'Hadir', '', 39),
(150, '199102252015022005', '2017-05-14', 'Hadir', '', 40),
(151, '199102252015022005', '2017-05-13', 'Hadir', '', 41),
(152, '199102252015022005', '2017-05-12', 'Hadir', '', 42),
(153, '199102252015022005', '2017-05-10', 'Hadir', '', 44),
(154, '199102252015022005', '2017-05-09', 'Hadir', '', 45),
(155, '199102252015022005', '2017-05-08', 'Hadir', '', 46),
(156, '199102252015022005', '2017-05-07', 'Hadir', '', 47),
(157, '199102252015022005', '2017-05-05', 'Hadir', '', 49),
(158, '199102252015022005', '2017-05-04', 'Hadir', '', 50),
(159, '199102252015022005', '2017-05-03', 'Hadir', '', 51),
(160, '199102252015022005', '2017-05-02', 'Hadir', '', 52),
(161, '199102252015022005', '2017-04-26', 'Hadir', '', 58),
(162, '199102252015022005', '2017-04-25', 'Hadir', '', 59),
(163, '199102252015022005', '2017-04-19', 'Hadir', '', 65),
(164, '199102252015022005', '2017-04-18', 'Hadir', '', 66),
(165, '199102252015022005', '2017-04-17', 'Hadir', '', 67),
(166, '199102252015022005', '2017-04-12', 'Hadir', '', 72),
(167, '199102252015022005', '2017-04-11', 'Hadir', '', 73),
(168, '199102252015022005', '2017-04-10', 'Hadir', '', 74),
(169, '199102252015022005', '2017-04-06', 'Hadir', '', 78),
(170, '199102252015022005', '2017-04-05', 'Hadir', '', 79),
(171, '199102252015022005', '2017-04-04', 'Hadir', '', 80),
(172, '199102252015022005', '2017-04-03', 'Hadir', '', 81),
(173, '199102252015022005', '2017-03-31', 'Hadir', '', 84),
(174, '199102252015022005', '2017-03-30', 'Hadir', '', 85),
(175, '199102252015022005', '2017-03-29', 'Hadir', '', 86),
(176, '199102252015022005', '2017-03-27', 'Hadir', '', 88),
(177, '199102252015022005', '2017-03-24', 'Hadir', '', 91),
(178, '199102252015022005', '2017-03-23', 'Hadir', '', 92),
(179, '199102252015022005', '2017-03-22', 'Hadir', '', 93),
(180, '199102252015022005', '2017-03-21', 'Hadir', '', 94),
(181, '199102252015022005', '2017-03-20', 'Hadir', '', 95),
(182, '199102252015022005', '2017-03-17', 'Hadir', '', 98),
(183, '199102252015022005', '2017-03-16', 'Hadir', '', 99),
(184, '199102252015022005', '2017-03-15', 'Hadir', '', 100),
(185, '199102252015022005', '2017-03-14', 'Hadir', '', 101),
(186, '199102252015022005', '2017-03-13', 'Hadir', '', 102),
(187, '199102252015022005', '2017-03-10', 'Hadir', '', 105),
(188, '199102252015022005', '2017-03-09', 'Hadir', '', 106),
(189, '199102252015022005', '2017-03-08', 'Hadir', '', 107),
(190, '199102252015022005', '2017-03-07', 'Hadir', '', 108),
(191, '199102252015022005', '2017-03-06', 'Hadir', '', 109),
(192, '199102252015022005', '2017-03-03', 'Hadir', '', 112),
(193, '199102252015022005', '2017-03-02', 'Hadir', '', 113),
(194, '199102252015022005', '2017-03-01', 'Hadir', '', 114),
(195, '199102252015022005', '2017-02-28', 'Hadir', '', 115),
(196, '199102252015022005', '2017-02-27', 'Hadir', '', 116),
(197, '199102252015022005', '2017-02-24', 'Hadir', '', 119),
(198, '199102252015022005', '2017-02-23', 'Hadir', '', 120),
(199, '199102252015022005', '2017-02-22', 'Hadir', '', 121),
(200, '199102252015022005', '2017-02-21', 'Hadir', '', 122),
(201, '199102252015022005', '2017-02-20', 'Hadir', '', 123),
(202, '199102252015022005', '2017-02-17', 'Hadir', '', 126),
(203, '199102252015022005', '2017-02-16', 'Hadir', '', 127),
(204, '199102252015022005', '2017-02-15', 'Hadir', '', 128),
(205, '199102252015022005', '2017-02-14', 'Hadir', '', 129),
(206, '199102252015022005', '2017-02-13', 'Hadir', '', 130),
(207, '199102252015022005', '2017-02-10', 'Hadir', '', 133),
(208, '199102252015022005', '2017-02-09', 'Hadir', '', 134),
(209, '199102252015022005', '2017-02-08', 'Hadir', '', 135),
(210, '199102252015022005', '2017-02-07', 'Hadir', '', 136),
(211, '199102252015022005', '2017-02-06', 'Hadir', '', 137),
(212, '199102252015022005', '2017-02-03', 'Hadir', '', 140),
(213, '199102252015022005', '2017-02-02', 'Hadir', '', 141),
(214, '199102252015022005', '2017-02-01', 'Hadir', '', 142),
(215, '199102252015022005', '2017-01-31', 'Hadir', '', 143),
(216, '199102252015022005', '2017-01-30', 'Hadir', '', 144),
(217, '199102252015022005', '2017-01-27', 'Hadir', '', 147),
(218, '199102252015022005', '2017-01-26', 'Hadir', '', 148),
(219, '199102252015022005', '2017-01-25', 'Hadir', '', 149),
(220, '199102252015022005', '2017-01-24', 'Hadir', '', 150),
(221, '199102252015022005', '2017-01-23', 'Hadir', '', 151),
(222, '199102252015022005', '2017-01-20', 'Hadir', '', 154),
(223, '199102252015022005', '2017-01-19', 'Hadir', '', 155),
(224, '199102252015022005', '2017-01-18', 'Hadir', '', 156),
(225, '199102252015022005', '2017-01-17', 'Hadir', '', 157),
(226, '199102252015022005', '2017-01-16', 'Hadir', '', 158),
(227, '199102252015022005', '2017-01-13', 'Hadir', '', 161),
(228, '199102252015022005', '2017-01-12', 'Hadir', '', 162),
(229, '199102252015022005', '2017-01-11', 'Hadir', '', 163),
(230, '199102252015022005', '2017-01-10', 'Hadir', '', 164),
(231, '199102252015022005', '2017-01-09', 'Hadir', '', 165),
(232, '199102252015022005', '2017-01-06', 'Hadir', '', 168),
(233, '199102252015022005', '2017-01-05', 'Hadir', '', 169),
(234, '199102252015022005', '2017-01-04', 'Hadir', '', 170),
(235, '199102252015022005', '2017-01-03', 'Hadir', '', 171),
(236, '199102252015022005', '2017-01-02', 'Hadir', '', 172);

-- --------------------------------------------------------

--
-- Table structure for table `tugas_pegawai`
--

CREATE TABLE `tugas_pegawai` (
  `idTugas` int(11) NOT NULL,
  `NIP` varchar(20) NOT NULL,
  `tanggal` date NOT NULL,
  `tugas` varchar(100) NOT NULL,
  `statusPegawai` int(11) NOT NULL,
  `statusFinal` int(11) NOT NULL
) ENGINE=InnoDB DEFAULT CHARSET=latin1;

-- --------------------------------------------------------

--
-- Table structure for table `tunjangan_absen`
--

CREATE TABLE `tunjangan_absen` (
  `idPotonganTukin` int(10) NOT NULL,
  `NIP` varchar(20) NOT NULL,
  `tanggal` date NOT NULL,
  `potongan` decimal(10,2) NOT NULL,
  `idAbsen` int(11) NOT NULL
) ENGINE=InnoDB DEFAULT CHARSET=latin1;

-- --------------------------------------------------------

--
-- Table structure for table `tunjangan_skps`
--

CREATE TABLE `tunjangan_skps` (
  `id` int(10) UNSIGNED NOT NULL,
  `potongan` double(8,2) NOT NULL,
  `skp_id` int(10) UNSIGNED NOT NULL,
  `created_at` timestamp NULL DEFAULT NULL,
  `updated_at` timestamp NULL DEFAULT NULL
) ENGINE=InnoDB DEFAULT CHARSET=utf8 COLLATE=utf8_unicode_ci;

-- --------------------------------------------------------

--
-- Table structure for table `users`
--

CREATE TABLE `users` (
  `id` int(10) UNSIGNED NOT NULL,
  `nama` varchar(255) COLLATE utf8_unicode_ci NOT NULL,
  `email` varchar(255) COLLATE utf8_unicode_ci NOT NULL,
  `password` varchar(255) COLLATE utf8_unicode_ci NOT NULL,
  `remember_token` varchar(100) COLLATE utf8_unicode_ci DEFAULT NULL,
  `created_at` timestamp NULL DEFAULT NULL,
  `updated_at` timestamp NULL DEFAULT NULL
) ENGINE=InnoDB DEFAULT CHARSET=utf8 COLLATE=utf8_unicode_ci;

--
-- Dumping data for table `users`
--

INSERT INTO `users` (`id`, `nama`, `email`, `password`, `remember_token`, `created_at`, `updated_at`) VALUES
(1, 'Miqdad Abdurrahman Fawwaz', 'miqdad.fawwaz@gmail.com', '$2y$10$cpvzSryTVP1i8tTch3cBnOMXfArtXX7zJPIcAw4RBVOR4RCXNyXXa', NULL, '2017-11-24 10:37:03', '2017-11-24 10:37:03'),
(2, 'Nur Hadi Saputra', 'nurhadisaputra7@gmail.com', '$2y$10$dRygIJIa3aXTWN3Dwdth8OBDwBLso3f1k5myzXYkiNhT/XrJM/gB2', NULL, '2017-11-24 10:37:03', '2017-11-24 10:37:03'),
(3, 'Emiel Noor Kautsar', 'emiel.jundy@gmail.com', '$2y$10$7VKQyQeB90xcVfyWJsfKi.EPmrmrMyI.xHvzwd7ucEjzAZis9Lr4y', NULL, '2017-11-24 10:37:03', '2017-11-24 10:37:03'),
(4, 'Ardhea Citra Pertiwi', 'ardheacitra@gmail.com', '$2y$10$nlKmJJ0n1UbZ6s6qgxAxwOy4i2Yf3gRioVgLgJyYCSYEgNpCJAFrO', NULL, '2017-11-24 10:37:04', '2017-11-24 10:37:04'),
(5, 'Mutiara Cikan Andani', 'mutiaramca@gmail.com', '$2y$10$NVTKnppXzKshWUwzhVLBweNoTInfIH1aoAjoPLkXcGkjiDVnTw9kG', NULL, '2017-11-24 10:37:04', '2017-11-24 10:37:04');

--
-- Indexes for dumped tables
--

--
-- Indexes for table `absen`
--
ALTER TABLE `absen`
  ADD PRIMARY KEY (`idAbsen`);

--
-- Indexes for table `grade`
--
ALTER TABLE `grade`
  ADD PRIMARY KEY (`grade`);

--
-- Indexes for table `migrations`
--
ALTER TABLE `migrations`
  ADD PRIMARY KEY (`id`);

--
-- Indexes for table `pegawais`
--
ALTER TABLE `pegawais`
  ADD PRIMARY KEY (`id`),
  ADD UNIQUE KEY `pegawais_nik_unique` (`nik`),
  ADD KEY `pegawais_user_id_foreign` (`user_id`),
  ADD KEY `pegawais_skp_id_foreign` (`skp_id`);

--
-- Indexes for table `permissions`
--
ALTER TABLE `permissions`
  ADD PRIMARY KEY (`id`),
  ADD UNIQUE KEY `permissions_name_unique` (`name`);

--
-- Indexes for table `permission_role`
--
ALTER TABLE `permission_role`
  ADD PRIMARY KEY (`permission_id`,`role_id`),
  ADD KEY `permission_role_role_id_foreign` (`role_id`);

--
-- Indexes for table `permission_user`
--
ALTER TABLE `permission_user`
  ADD PRIMARY KEY (`user_id`,`permission_id`,`user_type`),
  ADD KEY `permission_user_permission_id_foreign` (`permission_id`);

--
-- Indexes for table `roles`
--
ALTER TABLE `roles`
  ADD PRIMARY KEY (`id`),
  ADD UNIQUE KEY `roles_name_unique` (`name`);

--
-- Indexes for table `role_user`
--
ALTER TABLE `role_user`
  ADD PRIMARY KEY (`user_id`,`role_id`,`user_type`),
  ADD KEY `role_user_role_id_foreign` (`role_id`);

--
-- Indexes for table `skps`
--
ALTER TABLE `skps`
  ADD PRIMARY KEY (`id`);

--
-- Indexes for table `status_absen`
--
ALTER TABLE `status_absen`
  ADD PRIMARY KEY (`idAbsensiPegawai`),
  ADD KEY `idAbsen` (`idAbsen`);

--
-- Indexes for table `tugas_pegawai`
--
ALTER TABLE `tugas_pegawai`
  ADD PRIMARY KEY (`idTugas`);

--
-- Indexes for table `tunjangan_absen`
--
ALTER TABLE `tunjangan_absen`
  ADD PRIMARY KEY (`idPotonganTukin`),
  ADD KEY `idAbsen` (`idAbsen`);

--
-- Indexes for table `tunjangan_skps`
--
ALTER TABLE `tunjangan_skps`
  ADD PRIMARY KEY (`id`),
  ADD KEY `tunjangan_skps_skp_id_foreign` (`skp_id`);

--
-- Indexes for table `users`
--
ALTER TABLE `users`
  ADD PRIMARY KEY (`id`),
  ADD UNIQUE KEY `users_email_unique` (`email`);

--
-- AUTO_INCREMENT for dumped tables
--

--
-- AUTO_INCREMENT for table `absen`
--
ALTER TABLE `absen`
  MODIFY `idAbsen` int(10) NOT NULL AUTO_INCREMENT, AUTO_INCREMENT=346;

--
-- AUTO_INCREMENT for table `grade`
--
ALTER TABLE `grade`
  MODIFY `grade` int(11) NOT NULL AUTO_INCREMENT, AUTO_INCREMENT=18;

--
-- AUTO_INCREMENT for table `migrations`
--
ALTER TABLE `migrations`
  MODIFY `id` int(10) UNSIGNED NOT NULL AUTO_INCREMENT, AUTO_INCREMENT=59;

--
-- AUTO_INCREMENT for table `pegawais`
--
ALTER TABLE `pegawais`
  MODIFY `id` int(10) UNSIGNED NOT NULL AUTO_INCREMENT, AUTO_INCREMENT=6;

--
-- AUTO_INCREMENT for table `permissions`
--
ALTER TABLE `permissions`
  MODIFY `id` int(10) UNSIGNED NOT NULL AUTO_INCREMENT;

--
-- AUTO_INCREMENT for table `roles`
--
ALTER TABLE `roles`
  MODIFY `id` int(10) UNSIGNED NOT NULL AUTO_INCREMENT, AUTO_INCREMENT=6;

--
-- AUTO_INCREMENT for table `skps`
--
ALTER TABLE `skps`
  MODIFY `id` int(10) UNSIGNED NOT NULL AUTO_INCREMENT, AUTO_INCREMENT=6;

--
-- AUTO_INCREMENT for table `status_absen`
--
ALTER TABLE `status_absen`
  MODIFY `idAbsensiPegawai` int(10) NOT NULL AUTO_INCREMENT, AUTO_INCREMENT=237;

--
-- AUTO_INCREMENT for table `tugas_pegawai`
--
ALTER TABLE `tugas_pegawai`
  MODIFY `idTugas` int(11) NOT NULL AUTO_INCREMENT;

--
-- AUTO_INCREMENT for table `tunjangan_absen`
--
ALTER TABLE `tunjangan_absen`
  MODIFY `idPotonganTukin` int(10) NOT NULL AUTO_INCREMENT;

--
-- AUTO_INCREMENT for table `tunjangan_skps`
--
ALTER TABLE `tunjangan_skps`
  MODIFY `id` int(10) UNSIGNED NOT NULL AUTO_INCREMENT;

--
-- AUTO_INCREMENT for table `users`
--
ALTER TABLE `users`
  MODIFY `id` int(10) UNSIGNED NOT NULL AUTO_INCREMENT, AUTO_INCREMENT=6;

--
-- Constraints for dumped tables
--

--
-- Constraints for table `pegawais`
--
ALTER TABLE `pegawais`
  ADD CONSTRAINT `pegawais_skp_id_foreign` FOREIGN KEY (`skp_id`) REFERENCES `users` (`id`) ON DELETE CASCADE ON UPDATE CASCADE,
  ADD CONSTRAINT `pegawais_user_id_foreign` FOREIGN KEY (`user_id`) REFERENCES `users` (`id`) ON DELETE CASCADE ON UPDATE CASCADE;

--
-- Constraints for table `permission_role`
--
ALTER TABLE `permission_role`
  ADD CONSTRAINT `permission_role_permission_id_foreign` FOREIGN KEY (`permission_id`) REFERENCES `permissions` (`id`) ON DELETE CASCADE ON UPDATE CASCADE,
  ADD CONSTRAINT `permission_role_role_id_foreign` FOREIGN KEY (`role_id`) REFERENCES `roles` (`id`) ON DELETE CASCADE ON UPDATE CASCADE;

--
-- Constraints for table `permission_user`
--
ALTER TABLE `permission_user`
  ADD CONSTRAINT `permission_user_permission_id_foreign` FOREIGN KEY (`permission_id`) REFERENCES `permissions` (`id`) ON DELETE CASCADE ON UPDATE CASCADE;

--
-- Constraints for table `role_user`
--
ALTER TABLE `role_user`
  ADD CONSTRAINT `role_user_role_id_foreign` FOREIGN KEY (`role_id`) REFERENCES `roles` (`id`) ON DELETE CASCADE ON UPDATE CASCADE;

--
-- Constraints for table `status_absen`
--
ALTER TABLE `status_absen`
  ADD CONSTRAINT `status_absen_ibfk_1` FOREIGN KEY (`idAbsen`) REFERENCES `absen` (`idAbsen`);

--
-- Constraints for table `tunjangan_absen`
--
ALTER TABLE `tunjangan_absen`
  ADD CONSTRAINT `tunjangan_absen_ibfk_1` FOREIGN KEY (`idAbsen`) REFERENCES `absen` (`idAbsen`);

--
-- Constraints for table `tunjangan_skps`
--
ALTER TABLE `tunjangan_skps`
  ADD CONSTRAINT `tunjangan_skps_skp_id_foreign` FOREIGN KEY (`skp_id`) REFERENCES `skps` (`id`) ON DELETE CASCADE ON UPDATE CASCADE;
COMMIT;

/*!40101 SET CHARACTER_SET_CLIENT=@OLD_CHARACTER_SET_CLIENT */;
/*!40101 SET CHARACTER_SET_RESULTS=@OLD_CHARACTER_SET_RESULTS */;
/*!40101 SET COLLATION_CONNECTION=@OLD_COLLATION_CONNECTION */;
